iter	RMSE	R2
0	510.2463652	-3.799795629
1	465.0751494	-2.987577852
2	424.9618099	-2.329374988
3	389.4560094	-1.796274006
4	357.969887	-1.362413392
5	330.2882859	-1.011172161
6	305.7911027	-0.723902092
7	284.4077299	-0.4912336618
8	265.791358	-0.3024006936
9	249.7115294	-0.1495823723
10	235.7737219	-0.02483442477
11	223.8122905	0.07651303371
12	213.6193642	0.1587130682
13	205.0426349	0.2249115689
14	197.7665847	0.2789444338
15	191.6487645	0.3228654805
16	186.4473999	0.359121696
17	182.1568271	0.3882784044
18	178.5136042	0.4125031481
19	175.5343874	0.4319490083
20	173.0317566	0.4480311874
21	171.0283676	0.4607387578
22	169.3785857	0.4710922737
23	167.9366555	0.4800591899
24	166.8111271	0.487005227
25	165.8257269	0.4930481336
26	164.9861703	0.4981684171
27	164.302658	0.5023178261
28	163.7558877	0.5056247117
29	163.2818929	0.5084825292
30	162.8993136	0.5107831403
31	162.5778434	0.5127121043
32	162.3344341	0.5141701338
33	162.1046137	0.5155447599
34	161.8925134	0.5168116685
35	161.7269994	0.517799158
36	161.5871552	0.5186327089
37	161.4849361	0.5192415364
38	161.3860219	0.5198303132
39	161.3071262	0.5202996726
40	161.2326824	0.5207423373
41	161.1353824	0.5213206033
42	161.0645209	0.5217415229
43	161.0129439	0.5220477749
44	160.9528754	0.5224043244
45	160.8970663	0.5227354714
46	160.868155	0.522906974
47	160.8356456	0.5230997828
48	160.8124582	0.523237281
49	160.788446	0.5233796489
50	160.7434642	0.5236462877
51	160.7239367	0.5237620178
52	160.7040622	0.52387979
53	160.6672142	0.5240981052
54	160.6278831	0.5243310772
55	160.5962776	0.5245182462
56	160.5717948	0.5246632085
57	160.5496318	0.5247944166
58	160.5377003	0.5248650458
59	160.5191188	0.5249750283
60	160.5060999	0.5250520792
61	160.4953677	0.5251155914
62	160.4868621	0.5251659242
63	160.4548051	0.5253556
64	160.4341502	0.5254777915
65	160.4168725	0.525579992
66	160.3935268	0.525718068
67	160.3764378	0.5258191266
68	160.3532333	0.5259563328
69	160.3373071	0.5260504914
70	160.3152462	0.5261809045
71	160.2894847	0.5263331707
72	160.268957	0.5264544846
73	160.2580512	0.5265189292
74	160.2502668	0.5265649257
75	160.2444946	0.5265990312
76	160.2262429	0.5267068654
77	160.2187141	0.5267513427
78	160.212311	0.5267891684
79	160.2022367	0.5268486788
80	160.1843192	0.5269545102
81	160.1701516	0.5270381838
82	160.16293	0.5270808318
83	160.1487353	0.5271646545
84	160.1293021	0.5272793999
85	160.112109	0.5273809068
86	160.0956123	0.5274782912
87	160.0880161	0.5275231305
88	160.0836322	0.5275490072
89	160.0770548	0.5275878297
90	160.0608833	0.5276832745
91	160.0503143	0.5277456473
92	160.0430681	0.5277884087
93	160.0322963	0.5278519716
94	160.0244332	0.527898368
95	160.0052486	0.5280115571
96	159.9909678	0.5280958053
97	159.9795616	0.5281630897
98	159.9667359	0.5282387417
99	159.9630156	0.528260685
100	159.9561767	0.5283010207
101	159.9457989	0.5283622252
102	159.9371014	0.5284135173
103	159.932758	0.5284391305
104	159.927089	0.5284725602
105	159.9085729	0.528581739
106	159.8978602	0.5286448997
107	159.8935269	0.5286704476
108	159.8825604	0.5287350985
109	159.8702851	0.5288074606
110	159.8567164	0.5288874404
111	159.8522647	0.5289136791
112	159.8413075	0.5289782588
113	159.832448	0.5290304719
114	159.8289751	0.5290509383
115	159.8241603	0.5290793124
116	159.8154856	0.5291304311
117	159.80864	0.5291707692
118	159.8017063	0.5292116242
119	159.794445	0.529254408
120	159.7890835	0.5292859966
121	159.7738823	0.5293755536
122	159.7706349	0.5293946838
123	159.7535683	0.5294952179
124	159.7463574	0.5295376923
125	159.7341957	0.5296093233
126	159.7319943	0.5296222889
127	159.7286972	0.5296417073
128	159.7183968	0.5297023692
129	159.7127251	0.5297357694
130	159.7080626	0.529763226
131	159.7012815	0.529803157
132	159.6948571	0.5298409858
133	159.6843572	0.5299028098
134	159.6811298	0.5299218119
135	159.6714954	0.5299785345
136	159.6650795	0.5300163064
137	159.6581327	0.5300572024
138	159.6503872	0.5301027979
139	159.6425831	0.5301487361
140	159.6376844	0.5301775713
141	159.6279803	0.5302346889
142	159.6183214	0.5302915372
143	159.6124941	0.5303258325
144	159.6055477	0.530366712
145	159.5954386	0.5304262015
146	159.5910861	0.5304518139
147	159.5841081	0.5304928744
148	159.5754929	0.530543566
149	159.5653089	0.5306034847
150	159.5613364	0.5306268562
151	159.5544906	0.5306671312
152	159.5506446	0.5306897571
153	159.5481686	0.5307043232
154	159.5425096	0.5307376134
155	159.5323687	0.5307972661
156	159.5236507	0.530848546
157	159.5193181	0.53087403
158	159.5120744	0.5309166344
159	159.507198	0.5309453143
160	159.502182	0.5309748145
161	159.4926921	0.5310306238
162	159.4838782	0.5310824548
163	159.4774227	0.5311204155
164	159.4701264	0.5311633182
165	159.4608809	0.5312176793
166	159.4524334	0.5312673463
167	159.4462006	0.53130399
168	159.4360607	0.5313636006
169	159.4289066	0.5314056567
170	159.4223629	0.5314441221
171	159.4172364	0.5314742564
172	159.4133551	0.5314970702
173	159.4082884	0.531526851
174	159.4029012	0.5315585146
175	159.3977475	0.5315888045
176	159.3921261	0.5316218426
177	159.3878258	0.5316471154
178	159.3817674	0.5316827194
179	159.3775075	0.5317077527
180	159.371884	0.5317407989
181	159.3663199	0.5317734945
182	159.3634039	0.5317906294
183	159.3573473	0.5318262168
184	159.3536025	0.5318482205
185	159.3489755	0.5318754067
186	159.3428108	0.5319116265
187	159.336533	0.5319485089
188	159.3332847	0.5319675925
189	159.3285103	0.5319956415
190	159.3238828	0.5320228265
191	159.3194304	0.5320489814
192	159.3153642	0.5320728675
193	159.3108049	0.5320996499
194	159.3068956	0.532122613
195	159.3031588	0.532144562
196	159.2983769	0.5321726494
197	159.2938685	0.5321991297
198	159.2894137	0.5322252943
199	159.2839689	0.5322572725
200	159.2781889	0.5322912183
201	159.2736105	0.5323181061
202	159.2694779	0.5323423754
203	159.2647356	0.5323702245
204	159.2617006	0.5323880469
205	159.2561287	0.5324207657
206	159.2514185	0.5324484236
207	159.2478243	0.5324695284
208	159.2432896	0.5324961543
209	159.2389237	0.5325217886
210	159.2333812	0.5325543305
211	159.2284582	0.5325832341
212	159.2255235	0.5326004631
213	159.2206784	0.5326289082
214	159.2147412	0.5326637632
215	159.2110757	0.532685281
216	159.2049568	0.532721201
217	159.2001933	0.5327491628
218	159.1958269	0.5327747932
219	159.1916973	0.532799033
220	159.1882963	0.5328189955
221	159.1844655	0.5328414804
222	159.1809759	0.5328619621
223	159.1779947	0.5328794591
224	159.172144	0.5329137974
225	159.166646	0.532946064
226	159.1639569	0.5329618458
227	159.1598886	0.5329857205
228	159.1560956	0.5330079797
229	159.1522952	0.5330302815
230	159.1468733	0.5330620977
231	159.1431816	0.5330837602
232	159.1406054	0.5330988773
233	159.1369469	0.533120344
234	159.1331643	0.5331425391
235	159.1308012	0.533156404
236	159.1265762	0.5331811941
237	159.123549	0.533198955
238	159.1182467	0.5332300639
239	159.1140228	0.5332548452
240	159.1097358	0.5332799955
241	159.1063319	0.5332999648
242	159.1024998	0.5333224459
243	159.0983323	0.5333468933
244	159.095726	0.5333621823
245	159.0922741	0.5333824318
246	159.0901318	0.5333949984
247	159.0864195	0.5334167738
248	159.0834016	0.5334344761
249	159.0805758	0.5334510513
250	159.0776429	0.5334682542
251	159.0739135	0.5334901287
252	159.0708984	0.5335078127
253	159.0688525	0.5335198126
254	159.0658573	0.5335373794
255	159.0627809	0.5335554229
256	159.0592902	0.5335758953
257	159.0553759	0.5335988511
258	159.0513684	0.5336223533
259	159.0477933	0.5336433193
260	159.0451618	0.5336587515
261	159.0417325	0.5336788614
262	159.0383203	0.5336988711
263	159.0339592	0.5337244442
264	159.0305693	0.5337443218
265	159.0278135	0.533760481
266	159.026184	0.5337700358
267	159.0235752	0.533785332
268	159.0201277	0.533805546
269	159.0187075	0.5338138733
270	159.0138239	0.5338425066
271	159.0110502	0.5338587694
272	159.0086445	0.5338728739
273	159.0063562	0.5338862901
274	159.0008776	0.5339184093
275	158.9966269	0.5339433293
276	158.9949693	0.533953047
277	158.9915569	0.5339730515
278	158.9880906	0.5339933718
279	158.9863631	0.5340034985
280	158.9829174	0.5340236974
281	158.9793693	0.5340444959
282	158.9770784	0.534057925
283	158.9751057	0.5340694883
284	158.9724166	0.5340852507
285	158.9676125	0.5341134097
286	158.96487	0.5341294848
287	158.9627887	0.5341416837
288	158.9597432	0.5341595341
289	158.9555774	0.53418395
290	158.9536455	0.5341952723
291	158.9521275	0.5342041696
292	158.9494099	0.5342200963
293	158.9451293	0.5342451839
294	158.9409049	0.534269941
295	158.9384355	0.5342844123
296	158.9334978	0.5343133484
297	158.9286791	0.5343415861
298	158.9253955	0.5343608276
299	158.9226395	0.5343769775
300	158.9202016	0.5343912626
301	158.9175994	0.5344065107
302	158.9144131	0.5344251807
303	158.9100059	0.5344510044
304	158.9075709	0.5344652715
305	158.9055586	0.5344770619
306	158.9031502	0.534491173
307	158.8999034	0.5345101958
308	158.8969129	0.5345277166
309	158.8940689	0.534544379
310	158.8911809	0.5345612985
311	158.8889195	0.5345745468
312	158.8865142	0.5345886384
313	158.8841106	0.5346027195
314	158.8821455	0.5346142317
315	158.8801165	0.5346261179
316	158.8779693	0.5346386967
317	158.8755777	0.5346527069
318	158.8708289	0.5346805247
319	158.8680611	0.5346967382
320	158.8659137	0.5347093167
321	158.8614676	0.5347353603
322	158.8586442	0.5347518981
323	158.8563786	0.5347651688
324	158.8516341	0.5347929582
325	158.8497006	0.5348042824
326	158.8471979	0.534818941
327	158.845676	0.5348278546
328	158.8428731	0.534844271
329	158.8404728	0.5348583288
330	158.8365281	0.5348814317
331	158.8345043	0.5348932841
332	158.8319617	0.5349081744
333	158.828332	0.5349294315
334	158.8263139	0.5349412495
335	158.8234332	0.5349581198
336	158.8200238	0.5349780852
337	158.8174733	0.5349930206
338	158.8151646	0.5350065399
339	158.8131829	0.5350181446
340	158.8114145	0.5350284996
341	158.8087418	0.5350441498
342	158.8062115	0.5350589659
343	158.8042344	0.5350705426
344	158.8021732	0.5350826119
345	158.7999409	0.5350956825
346	158.7973199	0.535111029
347	158.7946547	0.5351266335
348	158.7916731	0.5351440911
349	158.789582	0.5351563338
350	158.7869838	0.5351715461
351	158.7851852	0.535182076
352	158.7831665	0.535193895
353	158.77993	0.535212843
354	158.7751772	0.5352406678
355	158.7731265	0.5352526732
356	158.7705768	0.5352676
357	158.7685274	0.535279597
358	158.7668564	0.5352893793
359	158.7650393	0.5353000166
360	158.762991	0.5353120071
361	158.7613966	0.5353213406
362	158.7582909	0.5353395201
363	158.7565421	0.5353497571
364	158.7546556	0.5353608002
365	158.7526471	0.5353725568
366	158.7505917	0.535384588
367	158.7468886	0.5354062636
368	158.7450556	0.5354169923
369	158.7426128	0.5354312905
370	158.7400025	0.5354465689
371	158.7380502	0.5354579954
372	158.7347347	0.5354774005
373	158.7330231	0.5354874181
374	158.7302773	0.5355034884
375	158.7282716	0.5355152275
376	158.7254736	0.5355316029
377	158.7237243	0.5355418403
378	158.7215649	0.5355544779
379	158.7200639	0.5355632619
380	158.7189245	0.5355699304
381	158.7174258	0.5355787011
382	158.7147869	0.535594144
383	158.7120497	0.5356101623
384	158.7097328	0.5356237206
385	158.707178	0.535638671
386	158.705455	0.5356487536
387	158.7024511	0.5356663313
388	158.6999942	0.5356807079
389	158.6974891	0.535695367
390	158.6962359	0.5357026999
391	158.6926815	0.5357234978
392	158.6903224	0.5357373011
393	158.6869563	0.535756997
394	158.685623	0.5357647978
395	158.6844493	0.5357716652
396	158.6819029	0.5357865642
397	158.6791194	0.5358028495
398	158.6771005	0.535814662
399	158.6737911	0.5358340236
400	158.6710978	0.5358497808
401	158.668709	0.5358637564
402	158.666567	0.5358762882
403	158.6644608	0.5358886098
404	158.6624907	0.535900135
405	158.6606512	0.5359108963
406	158.6588594	0.5359213784
407	158.6563202	0.535936233
408	158.6539078	0.5359503452
409	158.6517018	0.5359632501
410	158.6498548	0.5359740544
411	158.6482706	0.5359833212
412	158.6459974	0.5359966186
413	158.6425761	0.5360166313
414	158.6393605	0.5360354403
415	158.6369198	0.5360497171
416	158.6353728	0.5360587655
417	158.633871	0.5360675498
418	158.6312304	0.5360829947
419	158.6296788	0.53609207
420	158.6274275	0.5361052378
421	158.6254639	0.5361167225
422	158.6227044	0.5361328618
423	158.6212135	0.5361415816
424	158.6175048	0.5361632723
425	158.6162585	0.5361705612
426	158.6137461	0.5361852548
427	158.611632	0.5361976186
428	158.6101727	0.5362061528
429	158.6083995	0.5362165228
430	158.6060031	0.5362305373
431	158.6043488	0.5362402116
432	158.6027225	0.5362497222
433	158.6014709	0.5362570419
434	158.6004354	0.536263097
435	158.5970474	0.5362829098
436	158.5951583	0.5362939564
437	158.5926751	0.5363084775
438	158.5914072	0.5363158915
439	158.5901836	0.5363230462
440	158.5888907	0.5363306069
441	158.587696	0.5363375923
442	158.5862436	0.536346085
443	158.5838422	0.5363601266
444	158.5812278	0.5363754137
445	158.579354	0.5363863704
446	158.5781874	0.5363931915
447	158.5767438	0.5364016322
448	158.5740267	0.5364175189
449	158.5722972	0.5364276307
450	158.5695603	0.536443633
451	158.5667271	0.536460198
452	158.56433	0.5364742128
453	158.5611958	0.5364925366
454	158.5591379	0.5365045678
455	158.5574674	0.5365143341
456	158.5556579	0.5365249129
457	158.553906	0.5365351547
458	158.552617	0.5365426903
459	158.5508232	0.5365531772
460	158.549235	0.5365624619
461	158.5469592	0.5365757659
462	158.5453721	0.5365850442
463	158.5441899	0.5365919552
464	158.542409	0.5366023655
465	158.5411129	0.5366099423
466	158.5395296	0.5366191978
467	158.538004	0.5366281155
468	158.5358843	0.5366405064
469	158.5328889	0.5366580157
470	158.5308982	0.5366696522
471	158.5291635	0.5366797918
472	158.5275033	0.5366894965
473	158.5247686	0.5367054808
474	158.5234312	0.5367132978
475	158.5217287	0.5367232491
476	158.5197293	0.5367349357
477	158.517613	0.5367473051
478	158.5153998	0.5367602407
479	158.5131375	0.5367734631
480	158.5108113	0.5367870588
481	158.5092811	0.5367960018
482	158.5078603	0.5368043056
483	158.5060058	0.5368151445
484	158.5033381	0.5368307354
485	158.5020334	0.5368383601
486	158.5007965	0.5368455887
487	158.4991912	0.5368549709
488	158.4980728	0.5368615069
489	158.4959943	0.5368736533
490	158.4935535	0.5368879176
491	158.4915816	0.5368994413
492	158.4897512	0.5369101373
493	158.4887953	0.5369157234
494	158.4860666	0.5369316693
495	158.4846998	0.5369396561
496	158.4838393	0.5369446848
497	158.482719	0.5369512314
498	158.4802912	0.536965418
499	158.4786344	0.5369750994
500	158.4776093	0.5369810896
501	158.4766787	0.5369865271
502	158.4752296	0.536994995
503	158.4727238	0.5370096367
504	158.471231	0.5370183595
505	158.4697019	0.5370272936
506	158.4683066	0.5370354469
507	158.4674368	0.5370405289
508	158.4663765	0.5370467241
509	158.4649601	0.537055
510	158.4626495	0.5370685004
511	158.4605062	0.537081023
512	158.4586772	0.5370917095
513	158.4577026	0.5370974034
514	158.456526	0.5371042783
515	158.454816	0.5371142685
516	158.4532561	0.5371233822
517	158.4515701	0.5371332326
518	158.4494536	0.5371455979
519	158.4471403	0.5371591128
520	158.4450929	0.5371710743
521	158.4428701	0.5371840597
522	158.440554	0.5371975905
523	158.4396007	0.5372031596
524	158.4380193	0.5372123982
525	158.4371707	0.5372173558
526	158.4359133	0.5372247013
527	158.4335804	0.5372383294
528	158.4318445	0.5372484699
529	158.4302297	0.5372579031
530	158.4288798	0.5372657884
531	158.4275424	0.5372736008
532	158.4256969	0.5372843815
533	158.423887	0.5372949534
534	158.4222576	0.5373044717
535	158.4209716	0.5373119831
536	158.4192392	0.5373221024
537	158.4184018	0.5373269939
538	158.4169616	0.5373354064
539	158.4151369	0.5373460648
540	158.4141697	0.5373517144
541	158.4131224	0.5373578313
542	158.411083	0.5373697434
543	158.409609	0.5373783527
544	158.4084851	0.5373849175
545	158.4064582	0.537396756
546	158.4047685	0.537406625
547	158.4033416	0.5374149587
548	158.4021153	0.537422121
549	158.4002627	0.5374329411
550	158.3983668	0.537444014
551	158.3971572	0.5374510788
552	158.3942543	0.5374680325
553	158.3919276	0.537481621
554	158.3900678	0.5374924827
555	158.388023	0.5375044243
556	158.38693	0.5375108071
557	158.3851201	0.5375213769
558	158.3836026	0.5375302391
559	158.3827479	0.5375352307
560	158.379969	0.5375514584
561	158.3790496	0.5375568277
562	158.3769291	0.5375692108
563	158.375985	0.5375747242
564	158.3742225	0.537585016
565	158.3727941	0.5375933576
566	158.3709003	0.5376044159
567	158.3684972	0.5376184484
568	158.3663394	0.5376310485
569	158.3643265	0.537642802
570	158.3629629	0.5376507647
571	158.3619604	0.5376566185
572	158.3605553	0.5376648225
573	158.3587467	0.5376753833
574	158.3573108	0.5376837673
575	158.3564876	0.5376885738
576	158.3549019	0.5376978325
577	158.3532877	0.5377072571
578	158.3513068	0.5377188235
579	158.3499878	0.5377265247
580	158.3483934	0.5377358332
581	158.3462283	0.5377484747
582	158.3449044	0.5377562041
583	158.3437122	0.5377631646
584	158.3420656	0.5377727783
585	158.339391	0.537788393
586	158.3379831	0.5377966125
587	158.3361585	0.537807265
588	158.3348873	0.5378146863
589	158.3338757	0.5378205922
590	158.3323472	0.5378295154
591	158.3310892	0.5378368598
592	158.3300401	0.5378429841
593	158.3294408	0.5378464831
594	158.3280375	0.5378546753
595	158.3261665	0.5378655977
596	158.3248451	0.5378733117
597	158.3238857	0.5378789126
598	158.3229206	0.5378845465
599	158.3216655	0.5378918733
600	158.3207931	0.537896966
601	158.3190201	0.5379073156
602	158.3176889	0.5379150866
603	158.3158807	0.5379256415
604	158.3148353	0.537931744
605	158.3135298	0.5379393649
606	158.3127459	0.5379439403
607	158.3111502	0.5379532552
608	158.3098747	0.5379607002
609	158.3090981	0.5379652332
610	158.307657	0.5379736451
611	158.306221	0.5379820273
612	158.3053002	0.537987402
613	158.3039116	0.5379955072
614	158.3027479	0.5380022995
615	158.3015664	0.5380091957
616	158.3002378	0.5380169508
617	158.2985936	0.5380265472
618	158.2978043	0.5380311543
619	158.2960328	0.5380414941
620	158.2952805	0.5380458852
621	158.2946518	0.5380495543
622	158.2928816	0.5380598863
623	158.290814	0.5380719537
624	158.2895543	0.5380793056
625	158.2871706	0.5380932181
626	158.2861341	0.5380992674
627	158.2851433	0.5381050498
628	158.283549	0.5381143548
629	158.2822949	0.5381216739
630	158.2812105	0.5381280025
631	158.2796678	0.5381370055
632	158.2778253	0.5381477583
633	158.2767632	0.5381539571
634	158.2751109	0.5381635993
635	158.2740808	0.5381696113
636	158.2729977	0.538175932
637	158.2713493	0.5381855514
638	158.2702244	0.5381921159
639	158.2682924	0.5382033905
640	158.2670857	0.5382104322
641	158.2655145	0.5382196013
642	158.2641512	0.5382275567
643	158.263092	0.5382337375
644	158.2611237	0.5382452235
645	158.2600101	0.5382517219
646	158.2588661	0.5382583972
647	158.2565284	0.5382720382
648	158.2551678	0.5382799775
649	158.2528305	0.538293616
650	158.2518907	0.5382990999
651	158.2501418	0.5383093042
652	158.2483288	0.5383198831
653	158.2457709	0.5383348079
654	158.2440871	0.5383446327
655	158.2432972	0.5383492412
656	158.2422814	0.5383551684
657	158.2410915	0.5383621107
658	158.2396219	0.5383706852
659	158.2384376	0.5383775953
660	158.2351886	0.5383965513
661	158.2341088	0.5384028515
662	158.232939	0.5384096763
663	158.231617	0.5384173891
664	158.2299872	0.5384268978
665	158.2286399	0.5384347586
666	158.227172	0.5384433221
667	158.2241129	0.538461169
668	158.2227464	0.5384691412
669	158.2213643	0.5384772041
670	158.2199769	0.5384852983
671	158.2184047	0.5384944705
672	158.2173373	0.5385006974
673	158.2163237	0.5385066103
674	158.2139385	0.5385205245
675	158.2134028	0.5385236498
676	158.2121377	0.5385310295
677	158.2109841	0.5385377592
678	158.2092969	0.5385476016
679	158.2081419	0.5385543391
680	158.2072993	0.5385592542
681	158.2064605	0.5385641472
682	158.2058026	0.538567985
683	158.204559	0.5385752393
684	158.2033337	0.5385823869
685	158.2015638	0.538592711
686	158.2004181	0.5385993943
687	158.1991608	0.538606728
688	158.1978234	0.538614529
689	158.1964542	0.5386225159
690	158.1951928	0.5386298736
691	158.1941018	0.5386362372
692	158.1929075	0.5386432035
693	158.1914779	0.5386515417
694	158.1890165	0.5386658984
695	158.1881906	0.5386707159
696	158.1864019	0.5386811483
697	158.1853379	0.5386873543
698	158.1841123	0.5386945027
699	158.1825394	0.5387036764
700	158.1813776	0.5387104531
701	158.1789448	0.5387246416
702	158.1784245	0.5387276763
703	158.1778679	0.5387309224
704	158.1764997	0.5387389022
705	158.1753217	0.5387457724
706	158.1745294	0.5387503935
707	158.1736143	0.5387557306
708	158.1725979	0.5387616584
709	158.1717139	0.5387668137
710	158.1706492	0.5387730232
711	158.1686923	0.5387844357
712	158.1671302	0.5387935459
713	158.1651044	0.5388053598
714	158.1639113	0.5388123178
715	158.1629331	0.5388180226
716	158.1621244	0.5388227385
717	158.1599006	0.5388357071
718	158.1582564	0.5388452952
719	158.1568721	0.5388533678
720	158.1557758	0.5388597609
721	158.1552209	0.538862997
722	158.1544678	0.5388673887
723	158.1536799	0.5388719829
724	158.1531472	0.5388750892
725	158.1517339	0.5388833309
726	158.1509959	0.5388876346
727	158.149878	0.5388941532
728	158.1477797	0.5389063888
729	158.1458997	0.5389173513
730	158.1443396	0.5389264487
731	158.1431663	0.5389332901
732	158.1422587	0.5389385825
733	158.1415844	0.538942514
734	158.140404	0.5389493965
735	158.1391232	0.5389568649
736	158.1383854	0.5389611669
737	158.136162	0.5389741314
738	158.1344853	0.5389839078
739	158.1327836	0.5389938295
740	158.1313973	0.5390019124
741	158.1305664	0.5390067569
742	158.1292958	0.5390141656
743	158.1283774	0.5390195198
744	158.1262516	0.5390319144
745	158.1253911	0.5390369316
746	158.1245472	0.5390418517
747	158.1234161	0.5390484464
748	158.1225885	0.5390532711
749	158.1202615	0.539066838
750	158.1187461	0.5390756733
751	158.1177467	0.5390814998
752	158.1168446	0.5390867592
753	158.1156081	0.5390939682
754	158.1148444	0.5390984204
755	158.1129959	0.5391091967
756	158.1116359	0.5391171258
757	158.1104629	0.539123964
758	158.1096047	0.5391289668
759	158.1091379	0.5391316884
760	158.1082273	0.5391369972
761	158.1073188	0.5391422932
762	158.1066603	0.5391461319
763	158.1038518	0.5391625047
764	158.1023068	0.5391715112
765	158.1010969	0.5391785641
766	158.0998818	0.5391856473
767	158.0987535	0.539192225
768	158.0971029	0.5392018465
769	158.0959683	0.5392084606
770	158.0951462	0.5392132526
771	158.0939244	0.5392203749
772	158.0924337	0.5392290644
773	158.0914466	0.5392348187
774	158.090815	0.5392385
775	158.0893	0.5392473313
776	158.0875628	0.5392574569
777	158.086721	0.5392623642
778	158.0849558	0.5392726532
779	158.0830127	0.5392839792
780	158.0816357	0.5392920054
781	158.0797671	0.5393028968
782	158.0782812	0.5393115577
783	158.0773888	0.5393167592
784	158.0765177	0.5393218362
785	158.0752907	0.5393289882
786	158.0741312	0.5393357463
787	158.0727075	0.5393440442
788	158.0719348	0.5393485476
789	158.0705356	0.5393567027
790	158.0690781	0.5393651976
791	158.0685276	0.5393684056
792	158.0679886	0.5393715471
793	158.0665504	0.5393799292
794	158.0654152	0.5393865457
795	158.0639753	0.5393949374
796	158.0627371	0.5394021538
797	158.0619208	0.5394069113
798	158.0605605	0.5394148389
799	158.0594293	0.5394214315
800	158.0587407	0.5394254445
801	158.056732	0.5394371508
802	158.055939	0.5394417723
803	158.0553013	0.5394454888
804	158.0541027	0.5394524739
805	158.0525965	0.5394612513
806	158.0509208	0.539471017
807	158.0495648	0.5394789191
808	158.0482325	0.5394866831
809	158.0465025	0.5394967645
810	158.0453246	0.5395036288
811	158.0443529	0.5395092911
812	158.0425327	0.5395198982
813	158.041042	0.5395285848
814	158.0400767	0.5395342098
815	158.0395567	0.53953724
816	158.0379702	0.5395464848
817	158.0364224	0.5395555037
818	158.0347091	0.5395654876
819	158.0336251	0.539571804
820	158.0328545	0.5395762941
821	158.0318268	0.5395822823
822	158.03115	0.5395862261
823	158.0286767	0.5396006378
824	158.0280753	0.5396041421
825	158.0272702	0.5396088332
826	158.0263338	0.5396142894
827	158.0247457	0.5396235424
828	158.0238718	0.5396286344
829	158.0223695	0.5396373877
830	158.0206332	0.5396475043
831	158.0198181	0.5396522535
832	158.0183814	0.5396606241
833	158.0170539	0.5396683587
834	158.0159428	0.5396748321
835	158.0155179	0.5396773081
836	158.0146317	0.5396824711
837	158.0139562	0.5396864067
838	158.0129297	0.5396923875
839	158.0120797	0.5396973396
840	158.0112937	0.5397019189
841	158.0104982	0.539706554
842	158.0094474	0.5397126759
843	158.0081774	0.5397200749
844	158.0068736	0.5397276707
845	158.0059539	0.5397330287
846	158.0040617	0.5397440525
847	158.0030104	0.5397501775
848	158.0019892	0.5397561269
849	158.0007253	0.5397634898
850	157.999865	0.5397685017
851	157.9989002	0.5397741227
852	157.9973557	0.5397831203
853	157.9966675	0.5397871293
854	157.9958829	0.5397916999
855	157.9945036	0.5397997351
856	157.9936693	0.5398045956
857	157.992771	0.5398098288
858	157.9908206	0.5398211904
859	157.9900143	0.5398258873
860	157.9884795	0.539834828
861	157.9873383	0.5398414761
862	157.9859605	0.539849502
863	157.9847393	0.5398566159
864	157.9833832	0.5398645154
865	157.982751	0.5398681977
866	157.9816992	0.5398743247
867	157.9804805	0.5398814235
868	157.9795028	0.5398871188
869	157.9787445	0.5398915358
870	157.9777496	0.5398973309
871	157.9769761	0.5399018364
872	157.9759261	0.5399079525
873	157.9750742	0.5399129148
874	157.9729248	0.5399254347
875	157.9709011	0.5399372221
876	157.9697068	0.5399441785
877	157.9681778	0.5399530838
878	157.967506	0.5399569973
879	157.9654893	0.5399687433
880	157.9643606	0.5399753172
881	157.9630803	0.5399827743
882	157.9617576	0.5399904783
883	157.9607831	0.5399961537
884	157.9601685	0.5399997334
885	157.9592937	0.5400048287
886	157.9577527	0.5400138036
887	157.9564941	0.5400211341
888	157.9558237	0.5400250382
889	157.9546567	0.540031835
890	157.9534224	0.5400390237
891	157.9522304	0.5400459661
892	157.9517693	0.5400486512
893	157.9506482	0.5400551806
894	157.9493511	0.5400627345
895	157.9484844	0.5400677822
896	157.9472652	0.5400748826
897	157.9458923	0.5400828778
898	157.9454926	0.5400852055
899	157.9447049	0.5400897929
900	157.944135	0.5400931117
901	157.9432255	0.5400984086
902	157.9422177	0.5401042773
903	157.9408522	0.5401122295
904	157.9401973	0.5401160435
905	157.93889	0.5401236565
906	157.9368203	0.5401357094
907	157.9359116	0.5401410008
908	157.9344297	0.5401496308
909	157.9336379	0.5401542413
910	157.9327851	0.5401592077
911	157.9320225	0.5401636482
912	157.9308914	0.5401702349
913	157.9297828	0.5401766907
914	157.9291584	0.5401803266
915	157.9281739	0.5401860594
916	157.9270507	0.5401925996
917	157.9258475	0.5401996062
918	157.9250353	0.5402043357
919	157.9240894	0.5402098437
920	157.9213613	0.5402257288
921	157.919917	0.5402341386
922	157.9190808	0.5402390079
923	157.9180301	0.5402451255
924	157.917698	0.5402470593
925	157.9170621	0.540250762
926	157.9157748	0.5402582574
927	157.9143961	0.5402662852
928	157.9130058	0.5402743801
929	157.9121449	0.5402793925
930	157.9110684	0.5402856609
931	157.9101716	0.5402908819
932	157.9093165	0.5402958608
933	157.9084379	0.5403009763
934	157.9077363	0.5403050613
935	157.906688	0.540311165
936	157.9057651	0.540316538
937	157.9047959	0.5403221813
938	157.9042017	0.5403256405
939	157.9030827	0.5403321555
940	157.9023943	0.5403361637
941	157.9012664	0.5403427305
942	157.9004376	0.5403475559
943	157.8997864	0.5403513471
944	157.8987449	0.5403574109
945	157.89771	0.5403634357
946	157.8963758	0.5403712034
947	157.8947575	0.5403806249
948	157.8935774	0.5403874951
949	157.8925223	0.5403936378
950	157.8912267	0.5404011807
951	157.8898819	0.5404090095
952	157.8884751	0.5404171992
953	157.886678	0.5404276617
954	157.8860329	0.5404314168
955	157.8847564	0.5404388479
956	157.8838609	0.540444061
957	157.8833111	0.5404472617
958	157.8824212	0.5404524422
959	157.8819104	0.5404554159
960	157.8809181	0.5404611925
961	157.8794617	0.5404696704
962	157.8787883	0.5404735907
963	157.8781096	0.5404775412
964	157.8771831	0.540482935
965	157.8756323	0.540491962
966	157.8744706	0.5404987245
967	157.8736349	0.5405035895
968	157.8723927	0.5405108203
969	157.8715617	0.5405156572
970	157.8707511	0.5405203761
971	157.8692717	0.5405289876
972	157.8680219	0.5405362622
973	157.8673003	0.5405404627
974	157.8660046	0.5405480045
975	157.8649847	0.5405539411
976	157.8642326	0.540558319
977	157.8632549	0.54056401
978	157.8625201	0.540568287
979	157.8609002	0.5405777158
980	157.8594523	0.5405861434
981	157.8585888	0.5405911695
982	157.8578321	0.540595574
983	157.856772	0.5406017441
984	157.8555414	0.5406089067
985	157.8544652	0.5406151708
986	157.8538463	0.5406187728
987	157.8530868	0.5406231935
988	157.8521969	0.5406283727
989	157.850996	0.5406353626
990	157.8498893	0.5406418038
991	157.8486322	0.5406491201
992	157.8476678	0.5406547332
993	157.8469824	0.5406587222
994	157.8456393	0.540666539
995	157.844201	0.5406749099
996	157.8432928	0.5406801959
997	157.8426728	0.5406838043
998	157.8414759	0.5406907699
999	157.8396663	0.5407013013
1000	157.8388786	0.5407058857
1001	157.8372952	0.5407151007
1002	157.8365595	0.5407193822
1003	157.8351321	0.5407276895
1004	157.8346309	0.5407306061
1005	157.8333667	0.540737963
1006	157.8321543	0.5407450192
1007	157.8314682	0.5407490115
1008	157.8302507	0.5407560971
1009	157.8295953	0.5407599107
1010	157.8285694	0.5407658812
1011	157.8279586	0.5407694358
1012	157.8271301	0.5407742572
1013	157.8264389	0.5407782791
1014	157.8251835	0.540785585
1015	157.8244452	0.5407898811
1016	157.8233672	0.5407961543
1017	157.8222061	0.5408029109
1018	157.8212981	0.540808195
1019	157.820397	0.5408134382
1020	157.8193369	0.5408196071
1021	157.8187345	0.5408231127
1022	157.8178268	0.5408283944
1023	157.8169602	0.5408334373
1024	157.8164029	0.5408366799
1025	157.8152592	0.5408433353
1026	157.8144233	0.5408481993
1027	157.8131743	0.5408554672
1028	157.8116132	0.5408645507
1029	157.8105246	0.5408708849
1030	157.8102416	0.5408725316
1031	157.8097001	0.5408756826
1032	157.8086114	0.5408820174
1033	157.8074913	0.5408885348
1034	157.8066415	0.5408934793
1035	157.8055352	0.5408999167
1036	157.8043796	0.5409066407
1037	157.8032975	0.5409129365
1038	157.8024493	0.5409178717
1039	157.8017301	0.5409220564
1040	157.8011632	0.5409253548
1041	157.8001954	0.5409309858
1042	157.7993775	0.5409357448
1043	157.7982566	0.5409422668
1044	157.7974683	0.5409468529
1045	157.7961693	0.5409544111
1046	157.7950019	0.5409612035
1047	157.7940443	0.5409667744
1048	157.7935603	0.5409695909
1049	157.7920392	0.5409784403
1050	157.7915761	0.5409811348
1051	157.7904807	0.540987508
1052	157.7898286	0.5409913019
1053	157.7887234	0.5409977316
1054	157.7881151	0.5410012706
1055	157.7875965	0.541004288
1056	157.7865684	0.5410102692
1057	157.7846573	0.5410213879
1058	157.7834395	0.5410284724
1059	157.7823788	0.5410346433
1060	157.781139	0.5410418561
1061	157.7804193	0.5410460435
1062	157.7798934	0.5410491028
1063	157.7785006	0.5410572053
1064	157.7763251	0.5410698613
1065	157.7751778	0.541076536
1066	157.7746004	0.5410798947
1067	157.7736286	0.5410855482
1068	157.773184	0.5410881344
1069	157.7721583	0.5410941015
1070	157.7711821	0.5410997805
1071	157.7699785	0.5411067818
1072	157.7692354	0.5411111047
1073	157.7682896	0.5411166068
1074	157.7675057	0.5411211666
1075	157.7663106	0.5411281189
1076	157.7653705	0.5411335874
1077	157.7645683	0.5411382537
1078	157.7639143	0.5411420581
1079	157.7627098	0.5411490647
1080	157.7621844	0.5411521212
1081	157.761512	0.5411560321
1082	157.7610257	0.5411588609
1083	157.7601972	0.5411636802
1084	157.7590609	0.5411702903
1085	157.7581822	0.5411754015
1086	157.7578635	0.5411772554
1087	157.7560966	0.5411875328
1088	157.7549816	0.5411940183
1089	157.7537612	0.541201117
1090	157.752522	0.541208325
1091	157.7518821	0.5412120469
1092	157.7504357	0.5412204603
1093	157.7493857	0.5412265677
1094	157.7476405	0.5412367181
1095	157.7470577	0.5412401079
1096	157.7458619	0.5412470634
1097	157.744846	0.5412529722
1098	157.7437094	0.5412595827
1099	157.7429586	0.5412639501
1100	157.7420016	0.5412695158
1101	157.7409965	0.5412753621
1102	157.740022	0.5412810295
1103	157.7386836	0.541288814
1104	157.7376274	0.5412949569
1105	157.7369256	0.5412990386
1106	157.735848	0.5413053059
1107	157.7351221	0.5413095277
1108	157.7339679	0.5413162404
1109	157.7323427	0.5413256926
1110	157.7312359	0.5413321292
1111	157.7307227	0.5413351139
1112	157.7298742	0.5413400486
1113	157.7291882	0.5413440384
1114	157.7283247	0.5413490606
1115	157.7271794	0.5413557207
1116	157.7265976	0.5413591047
1117	157.7258135	0.5413636643
1118	157.7248483	0.5413692776
1119	157.7233393	0.5413780534
1120	157.722225	0.5413845338
1121	157.7210852	0.541391162
1122	157.7204674	0.5413947549
1123	157.7194825	0.5414004824
1124	157.7185019	0.5414061851
1125	157.717664	0.5414110576
1126	157.7169347	0.5414152988
1127	157.7156122	0.5414229895
1128	157.7150111	0.5414264852
1129	157.7137768	0.5414336628
1130	157.7128036	0.5414393223
1131	157.7115554	0.5414465805
1132	157.710289	0.5414539449
1133	157.7094033	0.541459095
1134	157.707775	0.5414685637
1135	157.7067608	0.541474461
1136	157.7060583	0.5414785462
1137	157.705364	0.5414825834
1138	157.7048232	0.5414857282
1139	157.7025858	0.5414987378
1140	157.7014647	0.5415052567
1141	157.7005335	0.5415106714
1142	157.6998332	0.5415147438
1143	157.6989564	0.5415198417
1144	157.6981175	0.54152472
1145	157.6969156	0.5415317082
1146	157.6963242	0.5415351471
1147	157.6953573	0.5415407691
1148	157.6943109	0.5415468532
1149	157.6934016	0.5415521406
1150	157.6927611	0.5415558646
1151	157.6921434	0.5415594559
1152	157.6912767	0.5415644956
1153	157.6905055	0.5415689796
1154	157.6898976	0.541572514
1155	157.6892893	0.5415760508
1156	157.688347	0.5415815296
1157	157.687952	0.541583826
1158	157.6868026	0.5415905088
1159	157.6854544	0.5415983478
1160	157.6846959	0.5416027573
1161	157.684042	0.5416065592
1162	157.6835228	0.5416095779
1163	157.682525	0.541615379
1164	157.6817608	0.5416198221
1165	157.6801462	0.5416292095
1166	157.6792186	0.5416346024
1167	157.678171	0.5416406929
1168	157.6773693	0.5416453543
1169	157.6762016	0.5416521431
1170	157.6750814	0.5416586553
1171	157.6744079	0.541662571
1172	157.673557	0.5416675177
1173	157.6729396	0.5416711073
1174	157.6722129	0.5416753322
1175	157.6711059	0.5416817677
1176	157.6693019	0.5416922555
1177	157.6684492	0.5416972123
1178	157.6677468	0.5417012962
1179	157.6666521	0.5417076601
1180	157.6658525	0.5417123083
1181	157.6649517	0.5417175449
1182	157.6638796	0.5417237778
1183	157.6632763	0.5417272845
1184	157.6620074	0.5417346613
1185	157.6612409	0.5417391173
1186	157.660402	0.541743994
1187	157.6595902	0.5417487127
1188	157.6582015	0.5417567858
1189	157.6571867	0.5417626851
1190	157.6564665	0.5417668715
1191	157.6553196	0.5417735386
1192	157.6546482	0.5417774412
1193	157.6541114	0.5417805617
1194	157.6531659	0.5417860577
1195	157.6521669	0.5417918651
1196	157.6501389	0.5418036536
1197	157.6489287	0.5418106879
1198	157.6480814	0.5418156133
1199	157.6476257	0.5418182621
1200	157.6469124	0.5418224085
1201	157.6464676	0.5418249936
1202	157.645571	0.5418302052
1203	157.64456	0.5418360818
1204	157.6439874	0.5418394102
1205	157.643288	0.5418434758
1206	157.6427217	0.541846767
1207	157.6418587	0.5418517833
1208	157.6412158	0.5418555201
1209	157.6403575	0.541860509
1210	157.6399313	0.5418629864
1211	157.6390108	0.5418683369
1212	157.6380303	0.5418740356
1213	157.6370487	0.5418797411
1214	157.6352364	0.5418902749
1215	157.6343204	0.541895599
1216	157.6338828	0.5418981425
1217	157.6332133	0.5419020339
1218	157.6324283	0.5419065964
1219	157.6313363	0.541912943
1220	157.6307628	0.5419162764
1221	157.6300351	0.5419205057
1222	157.6286336	0.5419286514
1223	157.6281336	0.5419315571
1224	157.6275791	0.5419347801
1225	157.6266918	0.5419399369
1226	157.6257406	0.5419454655
1227	157.6249023	0.5419503374
1228	157.6237004	0.5419573228
1229	157.6225915	0.5419637678
1230	157.6220063	0.5419671686
1231	157.6214285	0.5419705266
1232	157.6205729	0.541975499
1233	157.619095	0.5419840884
1234	157.6178361	0.5419914044
1235	157.6163721	0.5419999126
1236	157.6159885	0.542002142
1237	157.6152385	0.5420065007
1238	157.6146605	0.54200986
1239	157.6138135	0.5420147823
1240	157.613043	0.54201926
1241	157.6113797	0.5420289263
1242	157.6107374	0.542032659
1243	157.6103127	0.5420351268
1244	157.609305	0.5420409829
1245	157.6080112	0.5420485018
1246	157.6076142	0.5420508086
1247	157.6069536	0.5420546477
1248	157.6058298	0.5420611784
1249	157.6051299	0.5420652453
1250	157.6040933	0.5420712691
1251	157.6036237	0.5420739985
1252	157.6027987	0.5420787923
1253	157.601451	0.5420866239
1254	157.6007689	0.5420905879
1255	157.600305	0.5420932831
1256	157.5989819	0.5421009719
1257	157.5985593	0.5421034276
1258	157.5975775	0.5421091324
1259	157.5964419	0.5421157313
1260	157.5955679	0.5421208101
1261	157.5947651	0.5421254749
1262	157.5936545	0.5421319286
1263	157.5927712	0.5421370614
1264	157.5920596	0.5421411958
1265	157.5912021	0.5421461785
1266	157.5905524	0.5421499537
1267	157.5894996	0.5421560711
1268	157.588625	0.5421611531
1269	157.5878415	0.5421657058
1270	157.5872244	0.5421692915
1271	157.5859101	0.5421769281
1272	157.585361	0.5421801188
1273	157.5839551	0.5421882876
1274	157.5832231	0.5421925408
1275	157.5825452	0.5421964796
1276	157.5808942	0.5422060722
1277	157.5798739	0.5422120004
1278	157.5791072	0.5422164551
1279	157.5781622	0.542221946
1280	157.5773438	0.5422267007
1281	157.5769928	0.54222874
1282	157.5755537	0.5422371013
1283	157.5747296	0.5422418895
1284	157.5737827	0.5422473913
1285	157.5734846	0.5422491233
1286	157.5727802	0.5422532157
1287	157.5721506	0.5422568735
1288	157.5713703	0.5422614073
1289	157.5704793	0.5422665836
1290	157.5697867	0.5422706076
1291	157.5686766	0.5422770573
1292	157.5680627	0.5422806236
1293	157.5676688	0.5422829121
1294	157.5662198	0.5422913305
1295	157.5655225	0.5422953817
1296	157.5645128	0.542301248
1297	157.5636108	0.5423064883
1298	157.5626451	0.5423120987
1299	157.5615121	0.5423186807
1300	157.5604759	0.5423247006
1301	157.5600306	0.5423272877
1302	157.5587603	0.5423346671
1303	157.5572536	0.5423434201
1304	157.5563041	0.5423489362
1305	157.5555972	0.542353043
1306	157.5549885	0.5423565792
1307	157.5542304	0.5423609828
1308	157.5533871	0.5423658821
1309	157.5525172	0.5423709353
1310	157.5518412	0.5423748625
1311	157.5511752	0.5423787316
1312	157.5501554	0.5423846556
1313	157.5488216	0.5423924037
1314	157.5483475	0.5423951578
1315	157.5470811	0.5424025146
1316	157.5457956	0.5424099818
1317	157.5450636	0.5424142341
1318	157.5444543	0.5424177735
1319	157.5439512	0.5424206958
1320	157.5434038	0.542423876
1321	157.5425149	0.5424290395
1322	157.5415574	0.5424346013
1323	157.5401368	0.5424428535
1324	157.5394913	0.542446603
1325	157.5383905	0.5424529973
1326	157.5378182	0.5424563212
1327	157.5371356	0.5424602862
1328	157.5367654	0.5424624367
1329	157.5361157	0.5424662106
1330	157.5355696	0.5424693826
1331	157.5351482	0.5424718303
1332	157.5341844	0.5424774285
1333	157.5332352	0.542482942
1334	157.5325892	0.5424866946
1335	157.5318654	0.5424908988
1336	157.5310381	0.542495704
1337	157.5306151	0.5424981609
1338	157.5293845	0.5425053089
1339	157.5286932	0.5425093241
1340	157.5273934	0.5425168738
1341	157.5264944	0.5425220955
1342	157.5258215	0.5425260035
1343	157.5255762	0.5425274284
1344	157.5247214	0.5425323931
1345	157.5231852	0.5425413161
1346	157.522179	0.5425471603
1347	157.5216099	0.5425504652
1348	157.5207321	0.5425555635
1349	157.5199346	0.5425601954
1350	157.5192407	0.5425642258
1351	157.5185986	0.5425679551
1352	157.5180071	0.5425713906
1353	157.517455	0.5425745973
1354	157.516955	0.5425775013
1355	157.5161755	0.5425820285
1356	157.5153578	0.5425867774
1357	157.51464	0.5425909463
1358	157.513264	0.542598938
1359	157.5125213	0.5426032515
1360	157.5116431	0.5426083517
1361	157.5110255	0.5426119386
1362	157.5102415	0.5426164917
1363	157.5093218	0.5426218329
1364	157.5088661	0.5426244797
1365	157.5072107	0.5426340933
1366	157.5060839	0.5426406372
1367	157.5045609	0.5426494819
1368	157.5033004	0.5426568022
1369	157.502567	0.5426610616
1370	157.5015782	0.5426668041
1371	157.5008924	0.5426707863
1372	157.5004745	0.5426732136
1373	157.4992376	0.5426803967
1374	157.4981397	0.5426867719
1375	157.4971207	0.5426926897
1376	157.4961874	0.5426981098
1377	157.4954103	0.5427026221
1378	157.4947866	0.5427062442
1379	157.4943166	0.5427089733
1380	157.4938822	0.5427114963
1381	157.4931471	0.5427157647
1382	157.4918238	0.5427234491
1383	157.4905406	0.5427309006
1384	157.4898045	0.5427351751
1385	157.4890709	0.5427394354
1386	157.4882811	0.5427440212
1387	157.4874725	0.542748717
1388	157.4868291	0.5427524532
1389	157.4856384	0.5427593671
1390	157.4840354	0.5427686751
1391	157.4830584	0.5427743486
1392	157.4819625	0.5427807117
1393	157.481182	0.5427852442
1394	157.4805114	0.5427891377
1395	157.480058	0.5427917703
1396	157.4789395	0.5427982654
1397	157.4783279	0.5428018165
1398	157.4774889	0.5428066882
1399	157.477073	0.542809103
1400	157.4762071	0.5428141307
1401	157.4756135	0.5428175776
1402	157.4749202	0.5428216031
1403	157.4733665	0.5428306242
1404	157.4727834	0.5428340099
1405	157.4722442	0.5428371408
1406	157.4713008	0.5428426185
1407	157.4706537	0.5428463755
1408	157.4700343	0.5428499716
1409	157.4694923	0.5428531186
1410	157.4686887	0.5428577844
1411	157.4671289	0.5428668409
1412	157.4660388	0.5428731702
1413	157.4649727	0.5428793601
1414	157.4641275	0.5428842672
1415	157.463479	0.5428880324
1416	157.4626717	0.5428927195
1417	157.461934	0.5428970025
1418	157.4608483	0.542903306
1419	157.4603395	0.54290626
1420	157.4599007	0.5429088076
1421	157.4593592	0.5429119514
1422	157.4589525	0.5429143128
1423	157.4582953	0.5429181279
1424	157.4576318	0.5429219802
1425	157.4567953	0.542926837
1426	157.4558837	0.5429321295
1427	157.4553653	0.542935139
1428	157.4542007	0.5429419
1429	157.4536019	0.5429453764
1430	157.4526368	0.5429509794
1431	157.4519048	0.5429552292
1432	157.4512423	0.5429590751
1433	157.4502421	0.542964882
1434	157.4493381	0.5429701297
1435	157.4481035	0.5429772974
1436	157.4468536	0.5429845533
1437	157.4456249	0.5429916865
1438	157.4449478	0.5429956171
1439	157.4444409	0.5429985597
1440	157.4430323	0.543006737
1441	157.4423828	0.5430105072
1442	157.4420159	0.5430126377
1443	157.4412473	0.5430170993
1444	157.4401753	0.5430233223
1445	157.4397058	0.5430260478
1446	157.4392668	0.5430285963
1447	157.438349	0.5430339238
1448	157.4376291	0.5430381031
1449	157.4367488	0.5430432135
1450	157.4361397	0.543046749
1451	157.4354886	0.5430505288
1452	157.4347086	0.5430550567
1453	157.4341049	0.5430585606
1454	157.4333492	0.5430629474
1455	157.4326925	0.5430667598
1456	157.4315288	0.5430735144
1457	157.4308466	0.5430774745
1458	157.430186	0.543081309
1459	157.4293738	0.543086024
1460	157.428256	0.5430925121
1461	157.4272537	0.5430983302
1462	157.4258867	0.543106265
1463	157.4252434	0.5431099993
1464	157.4245357	0.5431141072
1465	157.4241236	0.5431164989
1466	157.4235971	0.5431195553
1467	157.4226007	0.5431253389
1468	157.4211741	0.5431336194
1469	157.4206303	0.5431367755
1470	157.4196931	0.5431422155
1471	157.4183204	0.5431501828
1472	157.4179783	0.5431521689
1473	157.4172935	0.5431561434
1474	157.416814	0.5431589263
1475	157.4164748	0.5431608953
1476	157.4158297	0.5431646394
1477	157.4152258	0.5431681446
1478	157.414614	0.543171696
1479	157.4143329	0.5431733273
1480	157.4136682	0.543177185
1481	157.4131428	0.5431802345
1482	157.411739	0.5431883828
1483	157.4112289	0.5431913431
1484	157.4098186	0.5431995287
1485	157.4087068	0.5432059811
1486	157.4084068	0.5432077226
1487	157.407294	0.5432141808
1488	157.4065843	0.5432183001
1489	157.4058919	0.5432223187
1490	157.4053574	0.5432254208
1491	157.4045055	0.5432303651
1492	157.4041303	0.5432325427
1493	157.4035546	0.543235884
1494	157.4023052	0.5432431347
1495	157.4015229	0.5432476752
1496	157.4009635	0.5432509216
1497	157.4002838	0.5432548662
1498	157.3990762	0.5432618749
1499	157.3984689	0.5432653994
1500	157.3977768	0.543269416
1501	157.3972121	0.5432726931
1502	157.3964759	0.5432769656
1503	157.3960451	0.5432794658
1504	157.3948722	0.5432862727
1505	157.3938754	0.5432920575
1506	157.3928406	0.5432980628
1507	157.3921918	0.5433018283
1508	157.391622	0.5433051348
1509	157.3907869	0.5433099814
1510	157.3902329	0.5433131963
1511	157.3895848	0.5433169574
1512	157.3888474	0.5433212366
1513	157.3885522	0.5433229493
1514	157.3876081	0.5433284284
1515	157.386542	0.5433346151
1516	157.3854997	0.5433406635
1517	157.3846113	0.5433458192
1518	157.3841208	0.5433486653
1519	157.3835798	0.543351805
1520	157.3829915	0.5433552189
1521	157.3825877	0.5433575618
1522	157.381985	0.5433610594
1523	157.3809317	0.5433671718
1524	157.3801626	0.5433716347
1525	157.3789476	0.543378685
1526	157.3785539	0.5433809697
1527	157.377812	0.5433852747
1528	157.3765946	0.5433923393
1529	157.3756882	0.5433975987
1530	157.3752784	0.5433999765
1531	157.3742684	0.5434058375
1532	157.3736996	0.5434091377
1533	157.3731413	0.5434123772
1534	157.3719468	0.5434193088
1535	157.3714075	0.5434224382
1536	157.370913	0.5434253071
1537	157.3703901	0.5434283412
1538	157.3694589	0.5434337447
1539	157.3688435	0.5434373153
1540	157.3681945	0.5434410811
1541	157.3676164	0.5434444355
1542	157.3669266	0.5434484382
1543	157.3660814	0.5434533425
1544	157.3655474	0.543456441
1545	157.3642499	0.5434639691
1546	157.3634466	0.5434686303
1547	157.3622425	0.5434756165
1548	157.361456	0.5434801805
1549	157.3608442	0.54348373
1550	157.3604331	0.5434861153
1551	157.3598306	0.5434896108
1552	157.3593991	0.5434921147
1553	157.3577099	0.5435019153
1554	157.3570509	0.543505739
1555	157.3562886	0.543510162
1556	157.3558529	0.5435126899
1557	157.3552391	0.5435162513
1558	157.3542246	0.543522137
1559	157.3523146	0.5435332187
1560	157.3510965	0.543540286
1561	157.3503533	0.5435445979
1562	157.3499095	0.5435471723
1563	157.3494461	0.5435498609
1564	157.348765	0.5435538127
1565	157.3479373	0.5435586147
1566	157.3472944	0.5435623448
1567	157.3460088	0.5435698035
1568	157.34538	0.5435734514
1569	157.3446898	0.5435774555
1570	157.3433961	0.5435849608
1571	157.3428158	0.5435883278
1572	157.3416567	0.5435950522
1573	157.3410014	0.5435988538
1574	157.3406109	0.5436011193
1575	157.3397586	0.5436060636
1576	157.3392838	0.5436088183
1577	157.3383993	0.5436139494
1578	157.3379021	0.5436168342
1579	157.3373943	0.5436197798
1580	157.3367844	0.543623318
1581	157.3360113	0.5436278031
1582	157.3351408	0.5436328532
1583	157.3342856	0.5436378143
1584	157.3334387	0.5436427274
1585	157.3328969	0.5436458704
1586	157.3325583	0.5436478345
1587	157.3320769	0.5436506271
1588	157.3312716	0.5436552987
1589	157.3300998	0.5436620963
1590	157.3293158	0.5436666443
1591	157.3285541	0.543671063
1592	157.3280178	0.5436741738
1593	157.3274605	0.5436774071
1594	157.3265294	0.5436828082
1595	157.3257505	0.5436873267
1596	157.3250388	0.5436914546
1597	157.3237138	0.5436991413
1598	157.3225529	0.5437058749
1599	157.3220012	0.5437090756
1600	157.3210051	0.5437148537
1601	157.3199101	0.5437212053
1602	157.3192495	0.5437250374
1603	157.3184106	0.5437299033
1604	157.3174827	0.5437352854
1605	157.3164594	0.5437412215
1606	157.3158102	0.5437449871
1607	157.315261	0.5437481728
1608	157.3140186	0.543755379
1609	157.3135099	0.5437583297
1610	157.3127073	0.5437629849
1611	157.3116197	0.5437692938
1612	157.3112788	0.5437712712
1613	157.3108927	0.5437735104
1614	157.3106534	0.5437748983
1615	157.310348	0.5437766697
1616	157.3094333	0.5437819753
1617	157.3087538	0.5437859166
1618	157.3082173	0.5437890285
1619	157.3074401	0.5437935362
1620	157.3068646	0.5437968741
1621	157.30585	0.5438027591
1622	157.3049539	0.5438079566
1623	157.3037872	0.5438147235
1624	157.303067	0.5438189007
1625	157.3027471	0.5438207561
1626	157.3020777	0.5438246388
1627	157.3009121	0.5438313992
1628	157.3000744	0.5438362579
1629	157.2994618	0.543839811
1630	157.2987467	0.5438439585
1631	157.2976143	0.5438505262
1632	157.2969521	0.543854367
1633	157.2962312	0.5438585477
1634	157.2953134	0.5438638708
1635	157.2946652	0.5438676304
1636	157.2936201	0.5438736914
1637	157.2926463	0.5438793393
1638	157.2913842	0.5438866588
1639	157.2899554	0.5438949454
1640	157.2893256	0.5438985982
1641	157.2885588	0.5439030451
1642	157.2881649	0.5439053293
1643	157.2869052	0.5439126352
1644	157.2864928	0.5439150266
1645	157.2853133	0.5439218673
1646	157.2847234	0.5439252882
1647	157.283524	0.5439322439
1648	157.2830122	0.543935212
1649	157.2823501	0.5439390516
1650	157.2815918	0.543943449
1651	157.2807706	0.5439482116
1652	157.2797565	0.5439540923
1653	157.2791865	0.5439573977
1654	157.2781507	0.5439634049
1655	157.2774583	0.54396742
1656	157.276942	0.5439704143
1657	157.276154	0.5439749836
1658	157.2753375	0.5439797187
1659	157.2748835	0.543982351
1660	157.27392	0.5439879389
1661	157.2729078	0.5439938086
1662	157.2724586	0.5439964134
1663	157.2717888	0.5440002974
1664	157.2707701	0.5440062043
1665	157.2699246	0.5440111076
1666	157.2694856	0.5440136532
1667	157.2686445	0.5440185306
1668	157.2677471	0.5440237345
1669	157.2673411	0.5440260888
1670	157.2667094	0.5440297515
1671	157.2661571	0.5440329541
1672	157.2653007	0.5440379203
1673	157.2646418	0.5440417409
1674	157.2638942	0.5440460758
1675	157.2631957	0.5440501264
1676	157.2629706	0.5440514313
1677	157.2617674	0.5440584082
1678	157.2612839	0.5440612121
1679	157.2606846	0.5440646869
1680	157.2596283	0.5440708116
1681	157.2590353	0.54407425
1682	157.2584118	0.5440778653
1683	157.257752	0.5440816915
1684	157.2573232	0.5440841774
1685	157.2562331	0.5440904982
1686	157.2556389	0.544093944
1687	157.2551598	0.5440967214
1688	157.2545209	0.5441004264
1689	157.2533591	0.5441071627
1690	157.2530537	0.544108933
1691	157.2525311	0.5441119637
1692	157.252145	0.5441142019
1693	157.250918	0.5441213164
1694	157.2500025	0.5441266243
1695	157.2481378	0.5441374359
1696	157.2474006	0.5441417103
1697	157.2465768	0.544146487
1698	157.2455445	0.5441524719
1699	157.2451515	0.5441547506
1700	157.2438469	0.5441623145
1701	157.2431126	0.544166572
1702	157.2424736	0.5441702763
1703	157.2416891	0.5441748247
1704	157.2410725	0.5441784
1705	157.2404298	0.5441821262
1706	157.2396174	0.544186836
1707	157.2387882	0.5441916433
1708	157.2375918	0.5441985796
1709	157.2371578	0.5442010959
1710	157.2366209	0.5442042088
1711	157.2359965	0.5442078285
1712	157.2353377	0.5442116479
1713	157.2347686	0.5442149473
1714	157.2340532	0.5442190951
1715	157.2334563	0.5442225558
1716	157.2329192	0.5442256692
1717	157.2320447	0.5442307393
1718	157.231331	0.5442348767
1719	157.2305595	0.5442393494
1720	157.2300558	0.5442422697
1721	157.2295045	0.5442454659
1722	157.2289237	0.5442488325
1723	157.2275476	0.5442568102
1724	157.2262951	0.5442640712
1725	157.2256747	0.5442676678
1726	157.2247335	0.544273124
1727	157.2231704	0.5442821858
1728	157.2222798	0.5442873487
1729	157.221534	0.5442916717
1730	157.2207748	0.5442960733
1731	157.2201047	0.5442999575
1732	157.2192717	0.5443047867
1733	157.2185493	0.5443089741
1734	157.2178027	0.5443133023
1735	157.2169791	0.5443180764
1736	157.2162716	0.5443221776
1737	157.2158824	0.5443244338
1738	157.2153636	0.5443274413
1739	157.2142484	0.5443339057
1740	157.2136063	0.5443376282
1741	157.2128504	0.5443420097
1742	157.2117498	0.5443483892
1743	157.2109299	0.5443531422
1744	157.2103915	0.5443562628
1745	157.2101176	0.5443578507
1746	157.2093595	0.5443622451
1747	157.208983	0.5443644278
1748	157.2082022	0.5443689533
1749	157.2075955	0.5443724702
1750	157.2064704	0.544378992
1751	157.20602	0.5443816028
1752	157.205167	0.5443865472
1753	157.2049279	0.5443879328
1754	157.204316	0.5443914796
1755	157.2036526	0.5443953247
1756	157.2031747	0.5443980951
1757	157.2023424	0.544402919
1758	157.2014015	0.5444083733
1759	157.20001	0.5444164383
1760	157.1990898	0.5444217723
1761	157.1986342	0.5444244127
1762	157.1982885	0.5444264169
1763	157.1974258	0.5444314173
1764	157.1967398	0.5444353933
1765	157.1961088	0.5444390506
1766	157.1953515	0.5444434397
1767	157.1946602	0.5444474466
1768	157.193417	0.544454652
1769	157.1929334	0.5444574554
1770	157.1925565	0.5444596397
1771	157.1915559	0.5444654392
1772	157.1906762	0.5444705375
1773	157.1896978	0.5444762085
1774	157.1888157	0.5444813208
1775	157.1883174	0.5444842089
1776	157.1875194	0.5444888342
1777	157.1870276	0.5444916847
1778	157.1863158	0.5444958099
1779	157.1858667	0.5444984128
1780	157.1846656	0.5445053739
1781	157.1839079	0.544509765
1782	157.1830461	0.5445147601
1783	157.1823646	0.5445187094
1784	157.1807412	0.5445281179
1785	157.1800786	0.5445319579
1786	157.1795292	0.5445351423
1787	157.1780165	0.5445439092
1788	157.1773908	0.5445475354
1789	157.1769342	0.5445501812
1790	157.1763382	0.5445536351
1791	157.1751789	0.5445603537
1792	157.1746988	0.5445631362
1793	157.1735152	0.5445699954
1794	157.1730727	0.5445725602
1795	157.1723396	0.5445768084
1796	157.1716808	0.544580626
1797	157.1712415	0.544583172
1798	157.1705163	0.5445873748
1799	157.1695343	0.5445930658
1800	157.1689341	0.5445965437
1801	157.1684651	0.5445992619
1802	157.168007	0.5446019166
1803	157.1673455	0.5446057499
1804	157.1666232	0.5446099356
1805	157.1659561	0.5446138014
1806	157.1656125	0.5446157927
1807	157.1647307	0.5446209027
1808	157.1643091	0.5446233455
1809	157.163692	0.5446269215
1810	157.1633883	0.5446286816
1811	157.1623675	0.544634597
1812	157.1618656	0.5446375053
1813	157.1610278	0.54464236
1814	157.1606217	0.5446447134
1815	157.1596305	0.5446504574
1816	157.1586813	0.5446559579
1817	157.1582026	0.5446587317
1818	157.1578553	0.5446607443
1819	157.1574443	0.5446631259
1820	157.1567521	0.5446671364
1821	157.1555342	0.5446741942
1822	157.1548434	0.5446781969
1823	157.1540052	0.5446830536
1824	157.1535047	0.5446859541
1825	157.1528731	0.5446896138
1826	157.1523101	0.544692876
1827	157.1519888	0.5446947381
1828	157.1514495	0.5446978626
1829	157.1509145	0.5447009629
1830	157.1500685	0.5447058647
1831	157.1492304	0.5447107212
1832	157.1487044	0.5447137692
1833	157.148338	0.5447158921
1834	157.1477307	0.5447194107
1835	157.1474077	0.5447212824
1836	157.14682	0.5447246875
1837	157.1461521	0.5447285577
1838	157.1453926	0.5447329586
1839	157.1442153	0.5447397801
1840	157.1436862	0.5447428457
1841	157.1425628	0.5447493547
1842	157.1421237	0.5447518987
1843	157.1415119	0.5447554437
1844	157.1405256	0.5447611587
1845	157.1398602	0.5447650137
1846	157.1391891	0.544768902
1847	157.1385107	0.5447728327
1848	157.1378311	0.5447767705
1849	157.1372803	0.5447799617
1850	157.1363324	0.5447854538
1851	157.135662	0.5447893377
1852	157.1350589	0.5447928322
1853	157.1347491	0.544794627
1854	157.1334396	0.5448022139
1855	157.132332	0.5448086312
1856	157.1315993	0.5448128763
1857	157.1310527	0.5448160433
1858	157.130677	0.5448182196
1859	157.1293506	0.5448259045
1860	157.1285476	0.5448305567
1861	157.1279479	0.5448340311
1862	157.1272699	0.5448379594
1863	157.1263302	0.5448434037
1864	157.1257595	0.5448467095
1865	157.1253946	0.5448488235
1866	157.1245249	0.5448538626
1867	157.123828	0.5448578996
1868	157.1234025	0.5448603651
1869	157.1225997	0.544865016
1870	157.1219793	0.5448686103
1871	157.1209145	0.5448747787
1872	157.1202749	0.5448784839
1873	157.1199228	0.544880524
1874	157.119273	0.5448842886
1875	157.118426	0.5448891954
1876	157.1179952	0.5448916911
1877	157.1171064	0.5448968399
1878	157.1167217	0.5448990689
1879	157.1157631	0.5449046221
1880	157.1147208	0.5449106601
1881	157.1141276	0.5449140968
1882	157.1133852	0.5449183972
1883	157.1130947	0.54492008
1884	157.1125964	0.5449229666
1885	157.1113596	0.5449301317
1886	157.1104968	0.54493513
1887	157.1098301	0.5449389921
1888	157.109398	0.5449414948
1889	157.1088859	0.5449444613
1890	157.1081396	0.5449487846
1891	157.1071078	0.5449547616
1892	157.1063873	0.5449589355
1893	157.1054394	0.5449644263
1894	157.1051847	0.5449659018
1895	157.1041674	0.5449717949
1896	157.103682	0.5449746067
1897	157.1028691	0.5449793154
1898	157.1023429	0.5449823634
1899	157.1015673	0.544986856
1900	157.1009434	0.54499047
1901	157.0996996	0.5449976747
1902	157.0991131	0.5450010721
1903	157.098819	0.5450027759
1904	157.0981638	0.5450065713
1905	157.0975786	0.5450099611
1906	157.0964372	0.5450165726
1907	157.0954785	0.5450221253
1908	157.0950438	0.5450246435
1909	157.0939569	0.5450309391
1910	157.0934308	0.5450339864
1911	157.0924378	0.5450397381
1912	157.0920051	0.5450422446
1913	157.0914845	0.5450452602
1914	157.0907675	0.545049413
1915	157.0904554	0.5450512205
1916	157.089621	0.5450560538
1917	157.0887271	0.5450612312
1918	157.0881122	0.5450647931
1919	157.0877613	0.5450668253
1920	157.0873169	0.5450693995
1921	157.0863988	0.545074717
1922	157.0859387	0.5450773819
1923	157.0853039	0.5450810586
1924	157.084438	0.5450860742
1925	157.0834665	0.5450917009
1926	157.0830628	0.5450940393
1927	157.0818956	0.5451007996
1928	157.0809819	0.5451060911
1929	157.0801069	0.5451111595
1930	157.0795781	0.545114222
1931	157.0791369	0.5451167775
1932	157.0782381	0.5451219828
1933	157.0774271	0.5451266802
1934	157.0771954	0.5451280222
1935	157.0767863	0.5451303911
1936	157.0758204	0.5451359857
1937	157.0749945	0.5451407686
1938	157.0746153	0.5451429652
1939	157.0738019	0.5451476759
1940	157.0732473	0.5451508878
1941	157.0725754	0.5451547793
1942	157.0722784	0.5451564993
1943	157.071582	0.5451605322
1944	157.070842	0.545164818
1945	157.0699037	0.5451702523
1946	157.0689388	0.5451758401
1947	157.068004	0.5451812539
1948	157.0676161	0.5451835005
1949	157.0665025	0.5451899501
1950	157.0655982	0.545195187
1951	157.0644083	0.5452020777
1952	157.0634722	0.5452074994
1953	157.0628655	0.5452110127
1954	157.062404	0.5452136855
1955	157.0617244	0.545217621
1956	157.0608489	0.5452226911
1957	157.060255	0.5452261305
1958	157.0592337	0.5452320446
1959	157.0585623	0.5452359326
1960	157.0576909	0.5452409792
1961	157.0569676	0.5452451676
1962	157.056476	0.5452480143
1963	157.0558478	0.5452516523
1964	157.0552477	0.5452551278
1965	157.0544119	0.5452599675
1966	157.0539335	0.5452627376
1967	157.0537068	0.5452640508
1968	157.0531062	0.5452675287
1969	157.0524148	0.5452715327
1970	157.0518116	0.5452750254
1971	157.0514536	0.5452770983
1972	157.0505517	0.5452823209
1973	157.0501701	0.5452845309
1974	157.0498039	0.5452866513
1975	157.0487884	0.5452925317
1976	157.0482966	0.5452953799
1977	157.0472621	0.5453013703
1978	157.0461994	0.5453075236
1979	157.0457323	0.5453102288
1980	157.0448471	0.5453153543
1981	157.044506	0.5453173292
1982	157.0436086	0.5453225256
1983	157.0424725	0.5453291042
1984	157.0412671	0.545336084
1985	157.0404259	0.5453409548
1986	157.0400467	0.5453431504
1987	157.0397648	0.5453447828
1988	157.0392327	0.545347864
1989	157.038372	0.5453528476
1990	157.0372191	0.5453595229
1991	157.0367775	0.5453620799
1992	157.0362382	0.5453652028
1993	157.0356305	0.5453687218
1994	157.0342558	0.5453766812
1995	157.0337816	0.545379427
1996	157.0328604	0.5453847609
1997	157.0321491	0.545388879
1998	157.0317641	0.5453911082
1999	157.0313418	0.5453935532
